trade_id,buy_id,sell_id,price,qty,timestamp
1,1002,1003,98,1,270940509878900
2,1333,1000,99,7,270940510580600
3,1335,1000,99,1,270940510708200
4,1335,1336,102,6,270940510756100
5,1335,1338,102,1,270940510803200
6,1339,1338,99,4,270940510845200
7,1341,1338,99,4,270940510890400
8,1343,1340,100,1,270940510948500
9,1498,1342,101,3,270940511005200
10,1343,1500,100,2,270940511097500
11,1341,1500,99,4,270940511139400
12,1002,1500,98,2,270940511174500
13,2328,1342,101,1,270940511226500
14,2328,1001,103,5,270940511271500
15,1002,2660,98,4,270940511318400
16,1332,2660,96,1,270940511362500
17,1334,2660,96,5,270940511388500
18,1334,2661,96,5,270940511424500
19,1344,2661,96,1,270940511453800
20,1503,2661,96,1,270940511477900
21,2662,2661,96,3,270940511645000
22,2662,2663,102,1,270940511682700
23,2662,2665,102,2,270940511714700
24,2664,2665,96,1,270940511734600
25,1499,2665,95,6,270940511900900
26,2667,2668,97,3,270940511937500
27,2670,2666,101,6,270940511968800
28,2670,2672,101,3,270940512010000
29,2674,2672,99,2,270940512044700
30,1996,2672,99,4,270940512100300
31,2669,1997,98,3,270940512149400
32,1998,2675,99,1,270940512176300
33,1999,1001,103,1,270940512205100
34,1999,2673,103,2,270940512224000
35,2000,2001,102,3,270940512254000
36,2003,1502,104,7,270940512284300
37,2000,2005,102,1,270940512316500
38,2004,2005,100,5,270940512352500
39,1830,1831,101,4,270940512405200
40,1998,1831,99,1,270940512443300
41,1998,1832,99,2,270940512470400
42,2002,1832,99,1,270940512488500
43,1833,1832,99,2,270940512514300
44,1835,1832,99,1,270940512587000
45,1835,1834,102,1,270940512607700
46,1836,1502,104,2,270940512633100
47,1836,2671,104,1,270940512714900
48,1835,1837,102,1,270940512740900
49,2669,1837,98,4,270940512759500
50,2676,1837,98,1,270940512775600
51,2667,1837,97,4,270940512792100
52,2162,1838,100,7,270940512878100
53,2163,1838,100,3,270940512932700
54,2163,1665,102,2,270940512955100
55,2163,2671,104,2,270940512972700
56,2006,2164,99,3,270940512997800
57,1839,2164,98,5,270940513016800
58,2165,2671,104,2,270940513040600
59,2165,2167,104,7,270940513099000
60,2169,2167,103,1,270940513137200
61,2166,2170,102,5,270940513163300
62,2171,2167,103,1,270940513187700
63,2171,1337,105,2,270940513206300
64,2166,2173,102,4,270940513234700
65,1839,2174,98,3,270940513271900
66,1664,2174,97,1,270940513291500
67,1664,2176,97,6,270940513320600
68,2677,2173,99,3,270940513376800
69,2680,2175,100,4,270940513435700
70,2677,2681,99,2,270940513464100
71,2172,2681,97,5,270940513483200
72,1004,2681,97,3,270940513499500
73,2682,2329,98,4,270940513534800
74,2330,2329,98,5,270940513579400
75,2330,2177,100,1,270940513600000
76,2180,2177,100,5,270940513628300
77,1169,2177,100,3,270940513695800
78,1169,1168,100,5,270940513734300
79,1170,1168,100,2,270940513761600
80,1170,2331,101,7,270940513781200
81,1345,2179,102,4,270940513818500
82,1171,1347,101,1,270940513863300
83,1349,1347,98,3,270940513919300
84,1349,1348,100,4,270940513940100
85,1004,1350,97,2,270940513964100
86,1351,1348,100,5,270940513987700
87,1351,2179,102,1,270940514006500
88,1351,2182,102,1,270940514023200
89,2686,2684,101,4,270940514075000
90,2686,2182,102,3,270940514119900
91,2687,2178,103,2,270940514155500
92,2691,2688,101,1,270940514208300
93,2691,2178,103,2,270940514234300
94,2691,2181,103,2,270940514255600
95,1004,2692,97,2,270940514286200
96,2693,2181,103,2,270940514332100
97,2683,2694,97,4,270940514363000
98,2696,2697,100,5,270940514407800
99,2696,1840,100,4,270940514468900
100,2184,1840,100,5,270940514520300
101,2184,1842,100,5,270940514544900
102,1167,2333,97,4,270940514628900
103,2334,1504,98,7,270940514663400
104,2334,2335,98,2,270940514692100
105,2685,2335,97,5,270940514711800
106,2336,1506,99,9,270940514735700
107,2337,1842,100,1,270940514766700
108,2337,1843,102,2,270940514790000
109,2337,2185,102,7,270940514810600
110,2339,2338,99,8,270940514847700
111,2685,2340,97,5,270940514879800
112,1841,2340,97,3,270940514902600
113,1841,2343,97,1,270940514943800
114,1507,2343,97,2,270940514967000
115,2332,2343,97,1,270940515032500
116,2345,2185,102,1,270940515081700
117,2344,2347,100,9,270940515120500
118,2348,2347,98,1,270940515154500
119,2348,2185,102,2,270940515178400
120,2348,2342,102,3,270940515199100
121,2350,2351,101,7,270940515242100
122,2349,2351,99,1,270940515266300
123,2353,2354,101,1,270940515308400
124,2332,2355,97,5,270940515342700
125,2695,2355,96,2,270940515366500
126,2357,2354,101,3,270940515401800
127,2358,2342,102,5,270940515433000
128,2358,2181,103,3,270940515456100
129,2695,2359,96,3,270940515484600
130,1508,2362,98,4,270940515560200
131,1005,2181,103,2,270940515606200
132,1005,2183,103,5,270940515647200
133,2364,1006,97,9,270940515675600
134,1007,2007,102,6,270940515715800
135,1008,2007,99,4,270940515746100
136,1008,2008,99,1,270940515775600
137,2364,2008,97,1,270940515794500
138,1499,2008,95,3,270940515811500
139,1166,2008,95,5,270940515828000
140,2010,2690,103,7,270940515859000
141,2010,1505,103,3,270940515878500
142,2011,2012,102,3,270940515907400
143,2014,1505,103,3,270940515950500
144,2014,2363,103,4,270940515969900
145,2014,2679,104,1,270940515986900
146,2015,2679,104,3,270940516010700
147,2015,2356,104,2,270940516029100
148,2015,2360,104,4,270940516045600
149,2015,1337,105,1,270940516062500
150,2011,2016,102,2,270940516086000
151,2011,2017,102,2,270940516109700
152,2011,2018,102,3,270940516133500
153,2826,2021,99,4,270940516173900
154,2365,2021,99,3,270940516221000
155,2366,2021,99,2,270940516255700
156,2366,2369,101,8,270940516294700
157,2370,2369,100,2,270940516323200
158,2370,2371,101,6,270940516350600
159,2009,2371,98,3,270940516369900
160,1354,2020,102,1,270940516402900
161,1354,2367,104,7,270940516428200
162,2827,2367,104,2,270940516465700
163,2827,1337,105,6,270940516490600
164,2827,1501,105,2,270940516507700
165,2372,1510,100,1,270940516544900
166,2009,1510,98,6,270940516571400
167,1512,2186,100,6,270940516611600
168,2187,1509,101,1,270940516644300
169,2187,1501,105,2,270940516663700
170,2187,2678,105,3,270940516680400
171,1009,2188,100,3,270940516704200
172,2189,2188,99,5,270940516731900
173,2189,2190,102,1,270940516759100
174,2189,2192,102,3,270940516789900
175,2191,2192,101,7,270940516809100
176,2019,2194,98,7,270940516838800
177,2195,2193,100,5,270940516863700
178,2195,2678,105,2,270940516889300
179,2195,1352,105,1,270940516906000
180,2019,2196,98,3,270940516930200
181,1511,2196,98,2,270940516948400
182,1511,2376,98,1,270940517000600
183,2198,2376,98,4,270940517033400
184,2377,2376,96,2,270940517066700
185,2377,2197,100,1,270940517090200
186,2377,2375,100,1,270940517110500
187,2379,2375,100,1,270940517146200
188,2379,2378,100,1,270940517169000
189,2380,2381,96,1,270940517204400
190,2382,2378,100,4,270940517234800
191,2380,2384,96,1,270940517269800
192,2386,2378,100,1,270940517306700
193,2386,2385,102,1,270940517330500
194,2386,2374,103,2,270940517351300
195,2387,2374,103,4,270940517387900
196,2387,1845,104,5,270940517480900
197,1844,1845,102,2,270940517519300
198,2494,1352,105,7,270940517562000
199,1846,2201,103,4,270940517627000
200,1846,2203,103,2,270940517669600
201,1844,2203,102,6,270940517690200
202,1844,2204,102,2,270940517713800
203,2829,2204,99,4,270940517732200
204,1666,1513,100,4,270940517784600
205,1667,2205,101,3,270940517831700
206,1669,2205,101,2,270940517864600
207,1666,1670,100,1,270940517889900
208,1672,2205,101,3,270940517919400
209,1672,2202,104,4,270940517938800
210,1672,1352,105,2,270940517955800
211,1672,2689,105,1,270940517972500
212,1666,1673,100,1,270940517996700
213,2829,1673,99,2,270940518027700
214,2388,1673,97,7,270940518044700
215,1674,1675,103,7,270940518075900
216,1674,1676,103,3,270940518101900
217,1677,1676,101,3,270940518128600
218,1677,1679,104,3,270940518161000
219,1677,1681,104,2,270940518191900
220,1680,1683,101,2,270940518223900
221,1684,2689,105,2,270940518249200
222,1684,1173,105,1,270940518267500
223,1685,1173,105,2,270940518290500
224,1685,2341,105,1,270940518308600
225,1680,1687,101,5,270940518338100
226,1680,1689,101,1,270940518368500
227,1682,1689,100,1,270940518416500
228,1690,1686,103,2,270940518449200
229,1690,2341,105,1,270940518469500
230,1682,1691,100,5,270940518493800
231,1678,1691,98,3,270940518512400
232,1692,1693,104,3,270940518543700
233,1692,1694,104,2,270940518569400
234,1692,1695,104,3,270940518593100
235,1696,1695,101,3,270940518620800
236,1696,1697,104,3,270940518666600
237,1698,1697,99,2,270940518694600
238,1698,1699,100,5,270940518721400
239,1700,1699,99,1,270940518748000
240,1700,2495,104,3,270940518780400
241,2500,2496,103,4,270940518865500
242,2500,2497,103,4,270940518896100
243,2502,2501,101,4,270940518939000
244,1678,2503,98,4,270940518970100
245,2506,2501,101,4,270940519011300
246,2506,2504,101,4,270940519034700
247,2510,2511,99,5,270940519089200
248,1678,2511,98,1,270940519113600
249,2388,2511,97,3,270940519134800
250,2199,2511,97,1,270940519155000
251,2199,2514,97,3,270940519196100
252,2380,2514,96,2,270940519219900
253,2383,2514,96,2,270940519240400
254,2515,2508,101,4,270940519268700
255,2515,2507,102,3,270940519291300
256,2516,2507,102,3,270940519319800
257,2516,2497,103,4,270940519342000
258,2518,2497,103,1,270940519376400
259,2518,2498,103,4,270940519398900
260,2520,2498,103,5,270940519433200
261,2520,2517,103,2,270940519455700
262,2520,2509,104,3,270940519476200
263,2389,2509,104,1,270940519507900
264,2389,2513,104,4,270940519533500
265,2832,2390,99,1,270940519585400
266,2832,2513,104,2,270940519617800
267,2832,2341,105,4,270940519639200
268,2832,2346,105,3,270940519659600
269,2834,1702,97,1,270940519695200
270,2383,1702,96,4,270940519736200
271,1704,1703,99,1,270940519780700
272,1704,2833,100,5,270940519822800
273,2206,1705,96,3,270940519850300
274,1706,2833,100,3,270940519874600
275,1706,2346,105,7,270940519893000
276,1707,1709,99,4,270940519926800
277,1010,2352,105,5,270940519964300
278,1010,2361,105,1,270940519997100
279,1710,1016,103,5,270940520064800
280,1710,1017,103,4,270940520097400
281,1011,1017,103,5,270940520120100
282,1011,1018,103,1,270940520148700
283,1011,1019,103,2,270940520177600
284,1013,1021,101,8,270940520214500
285,1020,1021,101,1,270940520237900
286,1020,1026,101,1,270940520290900
287,1012,1030,100,3,270940520341600
288,1031,1032,101,1,270940520392600
289,1012,1032,100,2,270940520419200
290,1707,1032,99,2,270940520440100
291,1035,1022,102,1,270940520481000
292,1035,1023,102,5,270940520504300
293,1038,1023,102,2,270940520545700
294,1038,1039,102,5,270940520579100
295,1036,1039,100,2,270940520602800
296,1036,1040,100,6,270940520631200
297,1707,1847,99,3,270940520664600
298,1015,1847,99,1,270940520692200
299,1015,1849,99,1,270940520726400
300,1015,1852,99,1,270940520761800
301,1033,1852,99,8,270940520781000
302,2391,1848,100,2,270940520819600
303,2391,1850,100,6,270940520849100
304,1033,2392,99,1,270940520875800
305,1014,2393,98,4,270940520901200
306,1014,2394,98,5,270940520925400
307,2397,2394,98,3,270940520961900
308,1708,2398,97,2,270940520986800
309,1708,1855,97,4,270940521019800
310,1711,1855,97,4,270940521046700
311,1857,2394,98,2,270940521079300
312,1857,2400,98,1,270940521098400
313,1711,1860,97,3,270940521132700
314,1025,1860,97,5,270940521151600
315,1027,1860,97,1,270940521168100
316,1027,1862,97,1,270940521196700
317,2401,2400,98,1,270940521235000
318,2402,2400,98,1,270940521283100
319,2403,2400,98,4,270940521307500
320,2403,1850,100,3,270940521326100
321,2403,2521,100,3,270940521342500
322,2404,1856,100,8,270940521365600
323,2405,1853,101,7,270940521392400
324,2405,1854,101,1,270940521411000
325,2404,2407,100,2,270940521439000
326,1027,2409,97,7,270940521470600
327,2410,2407,100,2,270940521496100
328,2411,2407,100,4,270940521520300
329,2411,2408,100,2,270940521538300
330,1041,1042,97,7,270940521586600
331,2206,1042,96,1,270940521608300
332,1668,1042,96,1,270940521624800
333,1044,1514,98,5,270940521653300
334,1044,2412,99,1,270940521672300
335,1044,2408,100,2,270940521688900
336,1357,2698,97,5,270940521733400
337,1668,2698,96,3,270940521759600
338,2499,2698,96,2,270940521776400
339,2699,1045,98,1,270940521807000
340,2699,2413,100,3,270940521828400
341,2700,2413,100,3,270940521852900
342,2700,1854,101,5,270940521871600
343,2499,2701,96,1,270940521894800
344,2702,2703,99,2,270940521968400
345,2499,2703,96,1,270940521990000
346,2704,1854,101,3,270940522013800
347,1359,2706,100,8,270940522056600
348,1360,2706,100,2,270940522084900
349,1360,1854,101,1,270940522104000
350,1360,2395,101,3,270940522120600
351,2499,1363,96,4,270940522153900
352,2505,1363,96,3,270940522173000
353,2836,2835,97,2,270940522214900
354,2836,1364,100,3,270940522247600
355,2837,1364,100,6,270940522278700
356,2838,1364,100,1,270940522308200
357,2838,2395,101,3,270940522331200
358,2844,2396,102,1,270940522393000
359,2845,2396,102,3,270940522425100
360,2838,2846,101,5,270940522453900
361,2842,2846,101,5,270940522476000
362,2848,2396,102,6,270940522510500
363,2842,2849,101,3,270940522540700
364,2853,2849,100,3,270940522590100
365,2853,1864,102,4,270940522614500
366,2854,1864,102,2,270940522643400
367,2855,1864,102,2,270940522672300
368,2855,2852,102,4,270940522694300
369,2855,1858,103,1,270940522715200
370,2855,1861,103,2,270940522735200
371,2839,1367,99,3,270940522796800
372,2843,1367,97,4,270940522829800
373,2851,1367,97,1,270940522847500
374,1369,1366,100,1,270940522878700
375,1371,1366,100,3,270940522909300
376,1373,2415,98,8,270940522954500
377,2851,2415,97,2,270940522989500
378,2851,2416,97,2,270940523020500
379,2417,1366,100,3,270940523050200
380,2417,1372,100,1,270940523072700
381,2851,2418,97,4,270940523101500
382,2505,2418,96,2,270940523124600
383,2512,2418,96,2,270940523145300
384,2707,1372,100,8,270940523187900
385,2707,1370,101,2,270940523213100
386,2708,1370,101,2,270940523239800
387,2708,1861,103,2,270940523258900
388,2709,1861,103,4,270940523282200
389,1714,2713,100,8,270940523344400
390,1714,1861,103,2,270940523371200
391,1716,1049,102,1,270940523419200
392,1716,1050,102,6,270940523450500
393,2715,1863,103,8,270940523497400
394,2717,1368,103,5,270940523549300
395,1716,2718,102,2,270940523581100
396,1716,2720,102,1,270940523617700
397,1051,2721,100,6,270940523650300
398,2722,1368,103,1,270940523680900
399,2722,2414,103,4,270940523703400
400,2728,2729,101,2,270940523778900
401,1051,2730,100,1,270940523816400
402,1051,2732,100,1,270940523853400
403,1051,2734,100,2,270940523909300
404,2731,2734,100,5,270940523932800
405,2736,2729,101,1,270940523961900
406,2736,2725,102,6,270940523981400
407,2731,2737,100,1,270940524004800
408,2712,2737,99,2,270940524023300
409,1717,2737,99,3,270940524039900
410,2738,2741,101,6,270940524078800
411,1717,2741,99,1,270940524098700
412,1717,2522,99,2,270940524132700
413,2524,2742,101,3,270940524175600
414,2856,2742,101,1,270940524208000
415,1717,2858,99,4,270940524247700
416,2719,2858,99,6,270940524267700
417,2859,2742,101,1,270940524292100
418,1374,2742,101,4,270940524325700
419,1374,2857,101,1,270940524350000
420,1374,2725,102,2,270940524367600
421,1374,2743,102,1,270940524384000
422,1374,2414,103,1,270940524400600
423,1515,2414,103,2,270940524434000
424,1515,2710,103,3,270940524457800
425,1515,1715,103,4,270940524474400
426,2733,2421,99,4,270940524531300
427,2526,2421,99,4,270940524574500
428,1718,2527,102,3,270940524612800
429,1718,1715,103,5,270940524637300
430,2526,1719,99,3,270940524663600
431,2525,1719,98,5,270940524682300
432,1721,1720,101,2,270940524711700
433,1721,1715,103,1,270940524731000
434,1721,2740,103,3,270940524747300
435,1722,2740,103,1,270940524771000
436,1722,1516,103,4,270940524788700
437,1723,1516,103,5,270940524811000
438,2525,1724,98,3,270940524834000
439,1713,1724,97,1,270940524852100
440,1713,1726,97,3,270940524880100
441,1728,1727,98,6,270940524909800
442,1731,1516,103,1,270940524946800
443,1731,1028,104,1,270940524966500
444,1733,1732,101,4,270940525009500
445,1734,1732,101,3,270940525034000
446,1734,1735,101,5,270940525059800
447,1728,1736,99,4,270940525086500
448,1738,1736,99,1,270940525117800
449,1739,1736,99,1,270940525142400
450,1740,1735,100,3,270940525201800
451,1740,1028,104,2,270940525226600
452,1730,1741,98,2,270940525250900
453,1743,1028,104,3,270940525281600
454,1743,1029,104,4,270940525300600
455,1742,1744,102,2,270940525323800
456,1730,1744,98,4,270940525351700
457,1521,1744,98,1,270940525406500
458,1521,1746,98,1,270940525436900
459,1713,1523,97,3,270940525485800
460,1524,1746,98,6,270940525518900
461,1524,1745,100,3,270940525542200
462,1524,1029,104,1,270940525563000
463,1530,1531,98,4,270940525630400
464,1530,1532,98,3,270940525662200
465,2714,1532,97,6,270940525685200
466,2423,1529,99,7,270940525733300
467,2423,1525,100,1,270940525764900
468,2424,1525,100,2,270940525849600
469,2424,2422,100,2,270940525874800
470,2425,2422,100,1,270940525903800
471,2426,2427,99,4,270940525940900
472,2426,2429,99,1,270940525977500
473,2432,2422,100,4,270940526019500
474,2432,2431,100,4,270940526042700
475,2432,1528,101,1,270940526063600
476,2433,1528,101,2,270940526113000
477,2433,1533,101,2,270940526135500
478,2426,2434,99,2,270940526163400
479,2435,2434,99,4,270940526195700
480,2435,2437,100,1,270940526235800
481,2435,2438,100,2,270940526266800
482,2714,2438,97,3,270940526289900
483,2735,2438,97,1,270940526310300
484,2523,2438,97,3,270940526330400
485,2523,2440,97,2,270940526365800
486,2745,2444,98,1,270940526439400
487,2745,2445,99,2,270940526464800
488,2523,2746,97,2,270940526489500
489,2860,2746,97,1,270940526507500
490,2861,2751,97,7,270940526551000
491,1174,2445,99,1,270940526576100
492,1174,2744,99,1,270940526602600
493,1174,2748,99,1,270940526619400
494,1174,2747,100,1,270940526636200
495,1174,2750,100,3,270940526655200
496,1175,1176,98,3,270940526703200
497,1175,1177,98,3,270940526735500
498,2861,1177,97,2,270940526758600
499,1729,1177,97,2,270940526778800
500,1178,2750,100,6,270940526807300
501,1178,1533,101,1,270940526830000
502,1180,1534,102,5,270940526865900
503,1180,2430,102,4,270940526889200
504,1179,1185,101,2,270940526940900
505,1729,1185,97,4,270940526964300
506,1186,1053,99,5,270940527029600
507,1375,1053,99,4,270940527052700
508,1375,1055,99,3,270940527084000
509,1056,1055,98,1,270940527111400
510,1056,1057,100,3,270940527138400
511,1189,2430,102,3,270940527183600
512,1189,1187,102,1,270940527212000
513,1189,1060,102,1,270940527232300
514,1189,2436,103,5,270940527253200
515,1056,1190,100,5,270940527285800
516,1729,1190,97,3,270940527309000
517,1737,1190,97,2,270940527329700
518,1193,2436,103,1,270940527371900
519,1194,2436,103,2,270940527401900
520,1194,1029,104,5,270940527424800
521,1194,2399,104,1,270940527445300
522,1191,2752,102,8,270940527505800
523,1192,2752,99,1,270940527531800
524,1737,2753,97,4,270940527559100
525,2428,2753,97,6,270940527577600
526,1062,1061,98,6,270940527620900
527,1062,2754,100,3,270940527654000
528,1063,2399,104,4,270940527681600
529,1063,1043,104,2,270940527699600
530,1063,1047,104,2,270940527715700
531,1748,1047,104,1,270940527768800
532,1748,2840,104,1,270940527811200
533,1748,2847,104,2,270940527833900
534,1751,1749,101,4,270940527883200
535,1754,1752,99,2,270940527930200
536,1754,1753,99,7,270940527954700
537,1065,1757,98,4,270940527997600
538,1755,1757,98,6,270940528021700
539,1755,1760,98,3,270940528062200
540,2441,1760,97,2,270940528085800
541,2442,1760,97,2,270940528106300
542,2442,1761,97,4,270940528135000
543,1765,1749,101,2,270940528182200
544,1182,1767,97,7,270940528240100
545,1183,1767,97,2,270940528260200
546,1183,1768,97,1,270940528283700
547,1054,1768,97,5,270940528301800
548,1059,1768,97,1,270940528317900
549,1771,1749,101,3,270940528350400
550,1771,1750,103,5,270940528369700
551,2862,2847,104,3,270940528407400
552,2862,2850,104,5,270940528432500
553,1772,2864,98,2,270940528464600
554,2866,2850,104,1,270940528494200
555,2866,2420,104,4,270940528512600
556,1772,2867,98,4,270940528535500
557,2869,2420,104,1,270940528564000
558,2872,2871,101,7,270940528599900
559,2870,1376,100,1,270940528639400
560,2870,1378,100,3,270940528678100
561,2870,1380,100,1,270940528708400
562,2875,1382,99,2,270940528741300
563,1772,1382,98,4,270940528764100
564,1059,1384,97,3,270940528797300
565,1385,1382,98,4,270940528823000
566,1385,1380,100,3,270940528841400
567,1387,2871,101,1,270940528870200
568,1764,1388,97,2,270940528904100
569,1389,2874,103,1,270940528930700
570,1389,1379,103,4,270940528948900
571,1389,2420,104,2,270940528965700
572,1764,1390,97,8,270940528989100
573,1391,2420,104,1,270940529013200
574,2758,1067,99,1,270940529091700
575,2756,1067,98,2,270940529123100
576,1770,1067,97,4,270940529144300
577,1539,1393,100,2,270940529208800
578,1536,1540,98,8,270940529240500
579,1770,1540,97,1,270940529270400
580,1774,1540,97,1,270940529286900
581,2759,1393,100,1,270940529317600
582,2759,2757,102,8,270940529362800
583,1071,2757,102,1,270940529439100
584,1071,1535,102,5,270940529468600
585,1071,2420,104,2,270940529489900
586,1071,1712,104,1,270940529510300
587,2761,1072,100,7,270940529541300
588,2761,1075,100,2,270940529581300
589,1070,1075,100,4,270940529604500
590,1076,1074,103,2,270940529632900
591,1076,1712,104,4,270940529655400
592,1070,1077,100,1,270940529679600
593,1541,1077,99,1,270940529697500
594,2528,1712,104,1,270940529737800
595,2528,1052,104,1,270940529771700
596,2528,2726,104,1,270940529788900
597,2528,2739,104,1,270940529805200
598,1078,2530,103,1,270940529842700
599,2531,2739,104,8,270940529868700
600,1078,2533,103,8,270940529898600
601,1078,2536,103,1,270940529933700
602,2535,2762,102,3,270940529970100
603,2537,2762,102,4,270940529994100
604,2529,2763,101,3,270940530021600
605,2538,2763,101,5,270940530040100
606,2538,2765,101,1,270940530069300
607,2532,2765,100,4,270940530088600
608,2532,2768,100,2,270940530121200
609,1541,2768,99,2,270940530140400
610,2769,2764,102,2,270940530163100
611,1541,2771,99,1,270940530191400
612,1774,2771,97,1,270940530230100
613,2863,2771,97,3,270940530247400
614,2775,2772,100,7,270940530291500
615,2448,2776,98,4,270940530330700
616,2449,2776,98,1,270940530373800
617,2449,2450,100,4,270940530408500
618,2454,2773,101,3,270940530456900
619,2454,2764,102,2,270940530481000
620,2454,2767,102,2,270940530501500
621,2458,2767,102,4,270940530548800
622,2457,2459,101,3,270940530579500
623,2449,2459,100,1,270940530602100
624,2863,2459,97,2,270940530622700
625,2461,2767,102,1,270940530657300
626,2863,2463,97,4,270940530692500
627,1068,2463,97,1,270940530715400
628,1069,2465,97,1,270940530749900
629,1069,2466,97,5,270940530780000
630,2467,2767,102,1,270940530809100
631,1069,2469,97,2,270940530844900
632,2760,2469,97,3,270940530867800
633,2470,2460,102,1,270940530895800
634,2760,2876,97,5,270940530937500
635,2760,2539,97,1,270940530989600
636,2540,2541,99,1,270940531026900
637,2540,2543,99,1,270940531058000
638,2540,1775,99,6,270940531089200
639,2760,1775,97,1,270940531116400
640,2462,1776,97,2,270940531143000
641,1778,1777,98,2,270940531174100
642,1779,1777,98,3,270940531199100
643,1781,1777,98,2,270940531235400
644,1782,1777,98,3,270940531259900
645,1782,1080,100,3,270940531278400
646,1784,1080,100,5,270940531307400
647,1784,1785,100,4,270940531334800
648,2462,1785,97,6,270940531353900
649,1786,1783,101,1,270940531376600
650,2462,1788,97,1,270940531405900
651,2471,1788,97,3,270940531424700
652,2512,1788,96,4,270940531441400
653,1790,1789,98,5,270940531470000
654,2512,1793,96,1,270940531504700
655,2831,1793,96,4,270940531523500
656,2406,1793,96,4,270940531539600
657,1794,1787,100,3,270940531562600
658,2208,1787,100,3,270940531596000
659,2473,1787,100,1,270940531638500
660,2473,1783,101,4,270940531662900
661,2474,1783,101,1,270940531689200
662,2474,1795,101,8,270940531707600
663,1082,1795,101,2,270940531741900
664,2476,2022,97,2,270940531776100
665,2778,2024,99,7,270940531832800
666,2778,2460,102,1,270940531861100
667,2779,2460,102,3,270940531892600
668,2476,2544,97,4,270940531977400
669,2877,2544,97,1,270940532005300
670,2545,2544,97,2,270940532037500
671,2545,1083,98,1,270940532059000
672,2546,1083,98,2,270940532089400
673,1542,1083,98,5,270940532124700
674,1542,2781,99,2,270940532156800
675,2878,2781,99,5,270940532193400
676,2882,2781,99,2,270940532245000
677,2882,2460,102,1,270940532265900
678,2882,2536,103,2,270940532283200
679,1798,2883,102,5,270940532327100
680,1798,2536,103,2,270940532358200
681,1799,1800,102,1,270940532408100
682,2879,1800,98,6,270940532434800
683,1797,1800,98,2,270940532455600
684,1801,2536,103,1,270940532486500
685,1797,1802,98,7,270940532515700
686,1803,2536,103,3,270940532544800
687,1803,2452,103,1,270940532566900
688,1804,2452,103,4,270940532600200
689,1806,2452,103,3,270940532636100
690,1806,2456,103,4,270940532659300
691,1806,2472,103,1,270940532679500
692,1797,1807,98,1,270940532708200
693,2881,1807,97,5,270940532730800
694,1809,1807,97,1,270940532768300
695,1811,2472,103,2,270940532802500
696,1811,1792,103,7,270940532821800
697,1812,1792,103,1,270940532845000
698,1813,2475,103,5,270940532868700
699,1813,2477,103,5,270940532887100
700,1809,1815,99,3,270940532916200
701,1810,1815,99,4,270940532935200
702,1810,1817,99,2,270940532963300
703,1818,1817,98,5,270940532990100
704,1818,1819,101,2,270940533017600
705,2549,1814,102,3,270940533052700
706,2549,2477,103,3,270940533078400
707,2549,2548,103,1,270940533095300
708,2550,2548,103,3,270940533122100
709,2550,2884,103,3,270940533140800
710,1818,2552,101,2,270940533169900
711,2554,2552,101,2,270940533202300
712,2554,2553,101,1,270940533221600
713,1821,2555,100,3,270940533273000
714,1820,2555,97,3,270940533292500
715,2556,2555,97,4,270940533318700
716,2556,2558,100,3,270940533351700
717,2557,2558,97,3,270940533371400
718,2559,2884,103,6,270940533395200
719,2559,2739,104,1,270940533414200
720,2559,1517,104,2,270940533430900
721,2557,1543,97,3,270940533606400
722,1087,1543,97,2,270940533703400
723,1087,2025,98,5,270940533734700
724,1089,2561,97,4,270940533791100
725,2786,2025,98,2,270940533845500
726,2786,2560,101,1,270940533878000
727,2786,1088,101,2,270940533895100
728,2788,1088,101,1,270940533925600
729,2789,1088,101,2,270940533957000
730,1196,1091,101,1,270940534037800
731,1196,2787,101,6,270940534071900
732,1196,2026,102,1,270940534093300
733,2209,1198,100,5,270940534130900
734,1200,2026,102,2,270940534168200
735,1200,1201,102,2,270940534202000
736,2209,1201,100,3,270940534225700
737,2791,1201,99,3,270940534246500
738,1089,1201,97,2,270940534266900
739,1202,2784,103,7,270940534296100
740,1204,2784,103,1,270940534331500
741,1204,2785,103,2,270940534354300
742,1204,2790,103,4,270940534374500
743,1205,1206,99,2,270940534410200
744,1207,2790,103,1,270940534440800
745,1207,1517,104,4,270940534463500
746,1207,1519,104,5,270940534483900
747,1205,1208,99,4,270940534512100
748,1205,1213,99,3,270940534566200
749,1089,1213,97,1,270940534590900
750,1090,1213,97,1,270940534611400
751,1195,1213,97,2,270940534631300
752,1203,1213,97,1,270940534651500
753,2028,2562,100,5,270940534761900
754,2030,1211,101,2,270940534804700
755,2030,1209,102,3,270940534825000
756,2031,2211,101,1,270940534862900
757,2212,2211,100,2,270940534914600
758,2213,2211,100,3,270940534942600
759,2213,1209,102,4,270940534962200
760,2213,1219,102,1,270940534979000
761,2213,1519,104,1,270940534995900
762,2213,1526,104,1,270940535014200
763,2214,1526,104,5,270940535044100
764,2214,1188,104,2,270940535064800
765,2886,2887,102,1,270940535121100
766,2888,1058,104,2,270940535160600
767,2886,2889,102,1,270940535186400
768,2892,1058,104,4,270940535222300
769,2892,2447,104,2,270940535242000
770,2892,1759,104,3,270940535258800
771,2216,1545,101,4,270940535287500
772,2217,1545,101,1,270940535315800
773,2217,1546,101,3,270940535344000
774,2217,1549,101,2,270940535381200
775,1216,1550,99,5,270940535409900
776,2893,1550,99,4,270940535429200
777,1547,1552,99,1,270940535458700
778,2215,1553,98,3,270940535485200
779,1554,2564,100,4,270940535534400
780,2215,2564,98,1,270940535562300
781,1551,2564,98,1,270940535579400
782,1551,2566,98,2,270940535609800
783,2567,1549,101,4,270940535634900
784,2567,2894,101,4,270940535653300
785,2568,2894,101,1,270940535676400
786,2569,2894,101,2,270940535700400
787,1551,2570,98,5,270940535728300
788,1556,2894,101,3,270940535761700
789,1556,2218,101,2,270940535790400
790,1557,1559,100,4,270940535830800
791,1557,1560,100,2,270940535861500
792,1561,1560,100,2,270940535888800
793,1561,2218,101,8,270940535908300
794,1563,1548,103,6,270940535938200
795,1563,1564,103,1,270940535966400
796,1563,1566,103,3,270940535997500
797,1565,1566,102,1,270940536017500
798,1565,1567,102,6,270940536041900
799,1568,1759,104,1,270940536066300
800,1568,1762,104,2,270940536098000
801,1568,2865,104,5,270940536122500
802,1569,2868,104,2,270940536158800
803,1569,2873,104,3,270940536184800
804,1569,1386,104,2,270940536208600
805,1565,1571,102,2,270940536251700
806,1570,1571,102,2,270940536271900
807,1570,1574,102,4,270940536314500
808,1551,1577,98,1,270940536353800
809,2563,1577,98,6,270940536373700
810,1558,1577,98,1,270940536390500
811,1579,1574,102,6,270940536419500
812,1579,1578,102,1,270940536438300
813,1581,1578,102,5,270940536467600
814,1580,1583,100,8,270940536497800
815,1558,1583,98,2,270940536517200
816,1585,1578,102,1,270940536545800
817,1558,1586,98,3,270940536571500
818,1572,1587,98,1,270940536596400
819,2572,1578,102,1,270940536629500
820,2033,2573,99,3,270940536699500
821,2034,2574,101,5,270940536756300
822,2035,1823,101,2,270940536867800
823,2035,1824,101,4,270940536908500
824,2038,1824,101,4,270940536928100
825,1825,1578,102,1,270940536951400
826,1825,2575,102,3,270940536969300
827,1825,1573,103,1,270940536986400
828,1826,1386,104,3,270940537010800
829,1826,2207,104,5,270940537029000
830,2038,1828,101,2,270940537057500
831,2896,1828,101,7,270940537076000
832,2039,1829,103,8,270940537107800
833,2041,1829,103,2,270940537163900
834,2041,2207,104,2,270940537200900
835,2041,1780,104,3,270940537218200
836,2896,2042,101,1,270940537243900
837,2036,2042,100,3,270940537263000
838,2033,2042,99,1,270940537279900
839,2033,2043,99,2,270940537303300
840,1589,2043,99,7,270940537321100
841,1589,2046,99,2,270940537355000
842,2792,2046,99,8,270940537381300
843,2792,2049,99,1,270940537415800
844,2040,2049,99,4,270940537434900
845,2050,2048,101,5,270940537457900
846,2040,2052,99,1,270940537486300
847,2040,2053,99,5,270940537510400
848,2054,2053,99,1,270940537537000
849,2054,2048,101,2,270940537556100
850,1572,2056,98,7,270940537585200
851,1582,2058,98,6,270940537616500
852,1588,2058,98,2,270940537635300
853,2059,2055,100,1,270940537658400
854,1588,2060,98,1,270940537682100
855,2047,2060,98,1,270940537713900
856,2061,2055,100,1,270940537739400
857,2047,2063,98,1,270940537768500
858,2047,2064,98,1,270940537792800
859,2057,2064,98,3,270940537811000
860,2057,2066,98,1,270940537839500
861,1203,2066,97,4,270940537858800
862,1203,2067,97,4,270940537882500
863,1218,2067,97,4,270940537900800
864,2051,2067,97,2,270940537917400
865,2051,2068,97,5,270940537940800
866,2070,2055,100,6,270940537971100
867,2070,2069,100,2,270940537990200
868,2898,2069,100,2,270940538036800
869,2898,2071,100,2,270940538070500
870,2897,2902,99,4,270940538113300
871,2899,2902,99,1,270940538133500
872,2905,2902,98,2,270940538170000
873,2908,2045,102,1,270940538207900
874,1220,2909,101,5,270940538251600
875,2219,2909,101,5,270940538302600
876,2219,2045,102,1,270940538327800
877,2219,2901,102,2,270940538344800
878,2793,2221,99,2,270940538389400
879,2793,2794,100,6,270940538440400
880,2905,2794,98,2,270940538461700
881,1398,1221,101,2,270940538533900
882,1398,2901,102,2,270940538568600
883,1398,2911,102,1,270940538586500
884,1397,1399,99,5,270940538613100
885,2905,1399,98,1,270940538632600
886,2906,1399,98,1,270940538649300
887,2906,1401,98,7,270940538678900
888,1402,2911,102,9,270940538704200
889,1402,1403,102,1,270940538731600
890,2073,1403,102,9,270940538783500
891,2073,2577,102,1,270940538837300
892,1405,2577,101,2,270940538863000
893,2579,2900,103,8,270940538893300
894,2579,2910,103,1,270940538912300
895,2581,2910,103,5,270940538941700
896,2581,1394,103,1,270940538960500
897,2072,2582,101,1,270940538983900
898,2906,2582,98,1,270940539038500
899,2796,2582,97,1,270940539061400
900,2796,2583,97,4,270940539088900
901,1404,2583,97,2,270940539107900
902,2586,2585,100,3,270940539143400
903,1404,2587,97,1,270940539207200
904,2576,2587,97,4,270940539228600
905,2584,2587,97,5,270940539245300
906,2588,2585,100,6,270940539270700
907,2588,2589,100,1,270940539299100
908,2588,2591,100,1,270940539329900
909,2593,2591,98,6,270940539362900
910,2593,2592,99,3,270940539383000
911,2406,2594,96,6,270940539407300
912,1358,2594,96,4,270940539425600
913,2595,2592,99,3,270940539449000
914,2595,1394,103,6,270940539467700
915,2597,2596,97,1,270940539496700
916,2597,1394,103,3,270940539516300
917,2597,2222,103,3,270940539532900
918,2223,2798,98,6,270940539597300
919,2223,2224,98,2,270940539636900
920,2225,2224,98,1,270940539666400
921,1358,2227,96,1,270940539697600
922,1361,2227,96,4,270940539717000
923,1365,2227,96,3,270940539733700
924,2711,2227,96,1,270940539750100
925,2711,1590,96,2,270940539792200
926,2727,1590,96,1,270940539818100
927,2727,1591,96,1,270940539845200
928,1725,1591,96,5,270940539864000
929,1592,2224,98,3,270940539887900
930,1592,2228,98,2,270940539906000
931,1725,1593,96,2,270940539929800
932,1522,1593,96,5,270940539948200
933,2446,1593,96,1,270940539972400
934,2600,2228,98,3,270940540020800
935,2912,2228,98,3,270940540093300
936,1594,2076,97,3,270940540147000
937,1594,2077,97,1,270940540179100
938,1595,2077,97,9,270940540198000
939,1596,2078,97,4,270940540222400
940,2079,2229,98,7,270940540373500
941,2079,2231,98,1,270940540396000
942,1596,2080,97,6,270940540420100
943,2232,2080,97,2,270940540438100
944,1408,2081,97,4,270940540461900
945,1408,2234,97,2,270940540494900
946,2236,2234,97,3,270940540550800
947,2237,2234,97,2,270940540578200
948,2238,2234,97,1,270940540602900
949,2238,2231,98,4,270940540622000
950,2238,2598,99,5,270940540639100
951,2241,2598,99,1,270940540672900
952,2241,2800,99,4,270940540692400
953,2446,2242,96,5,270940540716500
954,1181,2242,96,2,270940540735000
955,1769,2242,96,1,270940540751700
956,1769,2243,96,3,270940540775500
957,1773,2243,96,1,270940540793800
958,1377,2243,96,4,270940540810500
959,2245,2800,99,1,270940540839500
960,2247,2240,99,6,270940540870900
961,2248,2249,98,8,270940540902400
962,1377,2249,96,1,270940540922100
963,1381,2249,96,1,270940540939000
964,2250,2240,99,4,270940540963100
965,2251,2246,100,9,270940540988200
966,2252,2599,101,3,270940541013900
967,1381,2255,96,9,270940541049400
968,2755,2255,96,1,270940541068800
969,2257,2254,98,1,270940541124100
970,2260,2254,98,1,270940541161900
971,2261,2254,98,1,270940541187300
972,2262,2254,98,4,270940541211400
973,2256,1409,97,2,270940541250900
974,2256,1600,97,2,270940541317600
975,2602,2259,98,4,270940541366400
976,2256,2605,97,2,270940541423500
977,2256,2606,97,1,270940541455400
978,2607,2259,98,1,270940541486700
979,2607,2601,98,4,270940541509600
980,2608,2601,98,5,270940541538500
981,2608,2263,99,2,270940541561800
982,2612,2263,99,2,270940541609500
983,2612,2610,99,1,270940541633300
984,2617,2610,99,1,270940541686200
985,2258,2623,97,4,270940541746200
986,2603,2623,97,5,270940541770300
987,2603,2625,97,1,270940541798900
988,2609,2625,97,5,270940541817600
989,2626,2610,99,1,270940541840800
990,2626,2614,99,2,270940541859100
991,2626,2618,99,3,270940541875600
992,2627,2618,99,3,270940541898900
993,2627,2619,99,4,270940541916800
994,2609,2628,97,1,270940541939500
995,2609,2629,97,1,270940541962800
996,2630,2619,99,3,270940541987900
997,2631,2619,99,1,270940542015900
998,2632,2633,98,5,270940542045800
999,2755,2633,96,1,270940542086000
1000,2265,2913,97,6,270940542134400
1001,2916,2914,98,6,270940542175900
1002,2265,1866,97,2,270940542209500
1003,2755,1093,96,5,270940542266200
1004,1079,1093,96,3,270940542307800
1005,1094,1866,97,5,270940542340800
1006,1094,1092,98,4,270940542394800
1007,1095,1092,98,1,270940542427900
1008,1095,2619,99,2,270940542448100
1009,1095,2917,99,2,270940542464900
1010,1079,1096,96,2,270940542489100
1011,1098,2917,99,3,270940542519600
1012,1098,1097,99,3,270940542542000
1013,1099,1097,99,6,270940542568200
1014,1079,1101,96,4,270940542599100
1015,2534,1101,96,2,270940542618200
1016,2766,1101,96,2,270940542634800
1017,1102,2622,100,1,270940542658400
1018,1102,1100,100,1,270940542676400
1019,1102,2599,101,2,270940542693300
1020,1102,1410,101,1,270940542709700
1021,2766,1103,96,2,270940542733600
1022,2634,1104,97,10,270940542768700
1023,2635,1410,101,1,270940542804200
1024,2635,2604,101,2,270940542823500
1025,2636,2637,100,3,270940542853700
1026,2770,2637,96,4,270940542873400
1027,2455,2637,96,2,270940542890300
1028,2801,2638,98,3,270940542937600
1029,2801,1867,99,6,270940542966600
1030,1412,1867,99,4,270940543024500
1031,1412,2803,100,3,270940543049500
1032,1413,2803,100,5,270940543074300
1033,1415,2803,100,1,270940543103500
1034,1415,2604,101,1,270940543123000
1035,1415,2915,101,1,270940543139700
1036,1417,2915,101,5,270940543168200
1037,1417,2802,101,4,270940543187000
1038,1411,2267,98,5,270940543224300
1039,1602,1419,100,3,270940543277600
1040,1602,2802,101,3,270940543303100
1041,2269,1603,99,3,270940543330200
1042,2269,1604,99,5,270940543355200
1043,1411,1604,98,4,270940543374300
1044,1605,1606,100,2,270940543403500
1045,1605,1607,100,8,270940543448300
1046,1411,1607,98,1,270940543469500
1047,1416,1607,98,1,270940543486400
1048,2455,1608,96,4,270940543510900
1049,2270,1609,97,7,270940543549600
1050,2271,1609,97,1,270940543584300
1051,2271,2083,97,5,270940543624400
1052,2806,2802,101,2,270940543680200
1053,2806,1418,101,2,270940543708300
1054,2806,2268,101,5,270940543726800
1055,2805,2809,99,1,270940543770000
1056,2805,2810,99,4,270940543800800
1057,2271,2810,97,2,270940543823600
1058,2271,2811,97,1,270940543851900
1059,2455,2811,96,1,270940543874400
1060,2468,2811,96,2,270940543895400
1061,2780,2811,96,2,270940543915500
1062,2084,2812,99,4,270940543971800
1063,2084,2813,99,2,270940544004600
1064,2086,2813,99,1,270940544046100
1065,2087,2268,101,2,270940544079200
1066,2087,1597,102,7,270940544103100
1067,2088,2090,101,6,270940544145700
1068,2092,2235,102,2,270940544249600
1069,2088,2093,101,3,270940544281300
1070,2089,2093,101,1,270940544303600
1071,2094,2093,101,2,270940544335400
1072,2096,2093,101,2,270940544371900
1073,2098,2239,102,2,270940544411200
1074,2099,2239,102,6,270940544441900
1075,2099,2253,102,2,270940544464100
1076,2096,2103,101,4,270940544509800
1077,2100,2103,101,2,270940544533200
1078,2105,2253,102,4,270940544568400
1079,2105,2611,102,1,270940544591500
1080,2100,2106,101,2,270940544619700
1081,2107,2106,100,1,270940544651900
1082,2107,2611,102,2,270940544675300
1083,2108,2611,102,2,270940544703400
1084,2104,2109,99,7,270940544731700
1085,2104,2110,99,2,270940544759600
1086,2101,2110,97,5,270940544778300
1087,2113,2611,102,2,270940544811200
1088,2115,2620,102,9,270940544841900
1089,2114,2117,100,3,270940544873000
1090,2101,1868,97,2,270940544910300
1091,1107,2117,98,2,270940544955200
1092,1107,2118,100,2,270940544996000
1093,1109,2118,100,2,270940545034000
1094,1109,1108,100,2,270940545053700
1095,1111,1108,100,1,270940545090100
1096,1112,2116,101,1,270940545116500
1097,1112,2621,102,2,270940545135500
1098,2641,2640,100,3,270940545210800
1099,2641,1224,100,7,270940545255000
1100,1225,1224,100,2,270940545290900
1101,1225,1115,101,1,270940545310800
1102,1225,1117,101,1,270940545327400
1103,1116,1226,99,7,270940545351800
1104,1116,1227,99,2,270940545376000
1105,1114,1227,98,1,270940545394600
1106,2101,1227,97,2,270940545411700
1107,1421,1227,97,2,270940545428100
1108,1229,2621,102,1,270940545457800
1109,1229,1105,102,5,270940545476600
1110,1230,1105,102,1,270940545499900
1111,1228,1231,98,6,270940545523500
1112,1421,1231,97,2,270940545542100
1113,2780,1231,96,1,270940545558800
1114,2780,1232,96,3,270940545582100
1115,2782,1232,96,4,270940545600100
1116,2275,1105,102,3,270940545632600
1117,2275,2272,102,5,270940545657900
1118,1085,2276,96,2,270940545684800
1119,2880,2276,96,4,270940545703300
1120,2277,2272,102,1,270940545726600
1121,2277,2085,102,1,270940545747200
1122,2277,2102,102,6,270940545765200
1123,2278,2222,103,1,270940545792600
1124,2277,2280,102,2,270940545822700
1125,2279,2280,102,1,270940545841400
1126,2880,2280,96,5,270940545858500
1127,1544,2280,96,2,270940545874800
1128,2643,2281,97,2,270940545914200
1129,1237,2281,97,1,270940545965000
1130,1612,2281,97,6,270940546010300
1131,1612,1236,98,1,270940546035000
1132,2480,1236,98,2,270940546077600
1133,2479,2481,97,5,270940546119000
1134,1544,2481,96,1,270940546142700
1135,2482,1236,98,6,270940546172200
1136,2482,1422,98,4,270940546194400
1137,2484,1422,98,3,270940546228800
1138,2486,2483,98,2,270940546265500
1139,2486,2487,98,2,270940546298900
1140,2488,1238,101,4,270940546329100
1141,2491,1238,101,2,270940546370700
1142,2492,1238,101,1,270940546400800
1143,2492,2642,102,5,270940546423700
1144,2493,1423,101,1,270940546474500
1145,2486,1424,98,3,270940546520000
1146,1240,1424,98,1,270940546540000
1147,1240,2282,98,3,270940546575900
1148,1425,2282,98,3,270940546612700
1149,1425,2283,98,1,270940546647300
1150,2285,1423,99,1,270940546684800
1151,1425,2288,98,1,270940546728200
1152,1544,2288,96,2,270940546752900
1153,1086,2288,96,6,270940546773200
1154,2121,1423,99,5,270940546828600
1155,2289,2123,98,2,270940546874500
1156,2289,2124,98,3,270940546900700
1157,2289,2125,98,2,270940546925100
1158,2127,2125,97,3,270940546958300
1159,2127,1423,99,1,270940546978400
1160,1197,2129,96,4,270940547007700
1161,2130,2128,97,8,270940547032900
1162,2131,1423,99,1,270940547058400
1163,1241,2286,100,1,270940547094300
1164,1242,2286,100,3,270940547135600
1165,1243,2286,100,4,270940547165800
1166,2133,1244,97,3,270940547196400
1167,2133,1246,97,5,270940547233300
1168,1197,1247,96,5,270940547267400
1169,1250,1246,97,3,270940547309900
1170,1250,2287,100,1,270940547333600
1171,1252,1253,97,1,270940547374900
1172,1197,1254,96,1,270940547408800
1173,1212,1254,96,7,270940547432500
1174,1255,1253,97,1,270940547461400
1175,1258,1253,97,4,270940547504000
1176,1260,1253,97,1,270940547541200
1177,1261,1256,99,9,270940547574500
1178,1262,1256,99,1,270940547605300
1179,1262,2287,100,5,270940547628300
1180,1260,1263,98,3,270940547656800
1181,1265,1268,99,1,270940547710200
1182,1260,1268,98,3,270940547734700
1183,1260,1269,98,3,270940547763800
1184,1267,1269,98,3,270940547786500
1185,1212,1269,96,2,270940547803500
1186,2027,1269,96,2,270940547820000
1187,2814,1271,98,4,270940547885000
1188,2027,2815,96,1,270940547921300
1189,2890,2815,96,4,270940547940700
1190,2891,2815,96,2,270940547957500
1191,2816,1271,98,5,270940547981300
1192,2817,2287,100,1,270940548008900
1193,2817,2290,100,2,270940548027900
1194,2816,2818,98,2,270940548051400
1195,2891,2818,96,3,270940548069900
1196,2291,2819,98,9,270940548104300
1197,1273,2819,98,1,270940548148800
1198,1273,2132,100,2,270940548175300
1199,1555,1274,96,4,270940548202900
1200,1275,2132,100,6,270940548228200
1201,1277,2132,100,1,270940548257800
1202,1277,1249,100,6,270940548277000
1203,1277,1251,100,1,270940548293800
1204,1613,1251,100,1,270940548327500
1205,1617,1614,97,7,270940548388800
1206,1618,1614,97,2,270940548421700
1207,1618,1620,97,2,270940548461700
1208,1618,1621,97,3,270940548493100
1209,1618,2292,97,1,270940548547600
1210,1625,2292,97,1,270940548570700
1211,2294,1622,98,2,270940548603500
1212,2294,1276,100,1,270940548623600
1213,2294,2293,100,3,270940548640500
1214,1625,2296,97,1,270940548669800
1215,2821,2293,100,2,270940548705800
1216,2297,1628,98,2,270940548764000
1217,1625,1629,97,6,270940548798000
1218,2298,1629,97,3,270940548817100
1219,1555,1629,96,1,270940548834100
1220,1630,1628,98,4,270940548857400
1221,1630,2293,100,2,270940548875900
1222,1630,2284,101,2,270940548892800
1223,1631,2284,101,1,270940548916000
1224,1632,2284,101,6,270940548939600
1225,1634,2284,101,1,270940548968400
1226,1634,2126,101,6,270940548986900
1227,1635,2126,101,4,270940549009700
1228,1635,1264,101,5,270940549027300
1229,1636,1637,98,4,270940549055800
1230,2134,1264,101,4,270940549093400
1231,2134,1270,101,4,270940549119500
1232,1636,2136,98,3,270940549151700
1233,2137,1270,101,3,270940549176500
1234,2137,1619,101,5,270940549194400
1235,2137,1623,101,2,270940549210500
1236,2138,1640,100,2,270940549257900
1237,2138,1280,100,5,270940549305600
1238,1430,1432,100,7,270940549370800
1239,2142,1432,99,2,270940549400800
1240,1434,1624,101,4,270940549436800
1241,1434,2642,102,2,270940549460700
1242,2142,2300,99,1,270940549539300
1243,1431,2300,99,2,270940549579900
1244,2302,2642,102,2,270940549613600
1245,2302,1235,102,5,270940549633000
1246,2304,2478,102,5,270940549661600
1247,2305,2478,102,3,270940549686400
1248,2305,1426,102,4,270940549704400
1249,2305,1615,102,2,270940549720600
1250,1431,2306,99,1,270940549742500
1251,1433,2306,99,3,270940549759600
1252,1636,2306,98,1,270940549776600
1253,2139,2306,98,1,270940549792900
1254,2308,2309,100,3,270940549828700
1255,2310,2309,100,3,270940549857100
1256,2310,1615,102,3,270940549876500
1257,2311,2140,102,6,270940549900300
1258,2307,2313,99,2,270940549930200
1259,2315,2313,99,1,270940549962900
1260,2315,2140,102,1,270940549982900
1261,2316,2317,101,3,270940550012300
1262,2139,2317,98,4,270940550031900
1263,1429,2317,98,3,270940550048500
1264,2319,2312,102,2,270940550077700
1265,2320,2312,102,3,270940550102800
1266,2321,2322,101,2,270940550132200
1267,2321,2323,101,8,270940550156900
1268,2324,2312,102,4,270940550181900
1269,2318,2325,100,1,270940550205800
1270,2318,2327,100,6,270940550235100
1271,1429,2327,98,3,270940550254400
1272,2825,2312,102,1,270940550317800
1273,1119,2822,102,9,270940550366600
1274,1119,1395,103,1,270940550397200
1275,1120,1395,103,1,270940550425500
1276,1122,1395,103,2,270940550456200
1277,1122,1396,103,2,270940550475200
1278,2143,1396,103,3,270940550512200
1279,2143,2578,103,2,270940550546700
1280,2143,1407,103,5,270940550564100
1281,2144,1407,103,2,270940550594100
1282,2918,1407,103,1,270940550619800
1283,2918,2244,103,5,270940550645500
1284,2920,2244,103,3,270940550678200
1285,1123,1873,102,4,270940550737400
1286,1123,1875,102,1,270940550781500
1287,1123,1877,102,1,270940550813600
1288,1872,2146,99,4,270940550878600
1289,1872,1126,99,2,270940550935600
1290,1876,1126,99,6,270940550960300
1291,1127,1125,100,1,270940550985100
1292,2921,1125,100,1,270940551018100
1293,2922,1125,100,6,270940551053900
1294,2922,1878,101,1,270940551074000
1295,2923,1878,101,2,270940551098100
1296,2923,1877,102,5,270940551116900
1297,1876,2925,99,2,270940551146500
1298,2148,2925,99,7,270940551165700
1299,2924,1130,99,7,270940551198400
1300,1285,2264,103,2,270940551245000
1301,1131,1287,100,7,270940551283300
1302,1131,1288,100,2,270940551308900
1303,1429,1289,98,2,270940551334200
1304,2326,1289,98,2,270940551353000
1305,2823,1289,98,2,270940551369800
1306,2147,1289,98,1,270940551386300
1307,1290,1643,101,1,270940551442000
1308,2147,1643,98,2,270940551467600
1309,1132,1643,98,6,270940551484600
1310,1644,2264,103,5,270940551509400
1311,1644,1598,103,5,270940551528100
1312,1646,2615,103,1,270940551564800
1313,1645,1435,101,10,270940551601000
1314,1648,1436,101,8,270940551635100
1315,1132,1436,98,1,270940551654600
1316,2145,1438,97,1,270940551684400
1317,1880,2928,97,4,270940551745000
1318,1555,2928,96,2,270940551769200
1319,1292,1440,98,9,270940551796900
1320,1292,1135,98,1,270940551822600
1321,1293,1135,98,7,270940551849400
1322,1555,1294,96,1,270940551875200
1323,1296,1439,101,1,270940551905000
1324,1296,1134,102,1,270940551924300
1325,1297,1134,102,7,270940551947800
1326,1297,1137,102,2,270940551965700
1327,1298,1137,102,4,270940551988800
1328,1299,1137,102,3,270940552012300
1329,1299,1301,102,4,270940552044100
1330,1299,1302,102,1,270940552069000
1331,1304,1305,100,4,270940552103900
1332,1306,2615,103,3,270940552129000
1333,1307,2615,103,4,270940552152700
1334,1304,1308,100,2,270940552176200
1335,1555,1308,96,2,270940552194700
1336,1827,1308,96,5,270940552211300
1337,1309,2615,103,2,270940552234600
1338,1309,2616,103,4,270940552252600
1339,1311,2930,98,4,270940552310000
1340,2929,2930,97,1,270940552337700
1341,1827,2930,96,2,270940552355400
1342,2932,1312,99,5,270940552386300
1343,2932,1313,101,3,270940552406100
1344,2935,1313,101,1,270940552440600
1345,2935,2616,103,2,270940552482200
1346,2934,2939,98,5,270940552523400
1347,2933,2939,97,5,270940552543300
1348,2941,2937,100,3,270940552572300
1349,2941,2936,101,7,270940552591600
1350,1649,2943,98,2,270940552629800
1351,1138,2943,98,3,270940552678300
1352,1139,2943,98,2,270940552710700
1353,1140,2936,101,3,270940552738300
1354,1140,1651,102,5,270940552757700
1355,1141,1651,102,3,270940552781000
1356,1143,2624,103,5,270940552812500
1357,1143,2639,103,1,270940552831800
1358,1141,1144,102,4,270940552855200
1359,1142,1144,102,2,270940552873100
1360,1146,2639,103,3,270940552902100
1361,1146,2266,103,3,270940552921000
1362,1142,1147,102,3,270940552944000
1363,1145,1148,99,4,270940552970400
1364,1145,1149,99,5,270940552995500
1365,1139,1150,98,4,270940553020000
1366,1139,1151,98,4,270940553043900
1367,2933,1151,97,1,270940553084800
1368,1881,1147,102,2,270940553133300
1369,1152,1883,100,1,270940553200300
1370,1884,1153,102,1,270940553234400
1371,1888,1885,101,4,270940553285200
1372,1890,1153,102,1,270940553343800
1373,1890,2266,103,1,270940553373800
1374,1890,1610,103,1,270940553391100
1375,1890,2091,103,2,270940553407500
1376,1888,1891,101,6,270940553432900
1377,1152,1892,100,6,270940553458400
1378,1894,2091,103,2,270940553487900
1379,1894,2095,103,2,270940553506600
1380,1894,2111,103,5,270940553523100
1381,1152,1895,100,2,270940553554600
1382,1887,1896,100,6,270940553579200
1383,1882,1896,98,2,270940553597800
1384,1889,1896,98,1,270940553614300
1385,1889,1897,98,4,270940553638000
1386,1898,2112,103,1,270940553661600
1387,1898,1113,103,4,270940553679700
1388,1900,1899,101,5,270940553709100
1389,1901,1899,101,5,270940553733800
1390,1901,1113,103,2,270940553752500
1391,1902,1113,103,1,270940553775300
1392,1904,1905,101,2,270940553809400
1393,1904,1906,101,4,270940553834300
1394,1904,1156,101,1,270940553879100
1395,1155,1156,101,2,270940553906200
1396,1907,1156,99,6,270940553923500
1397,1907,1158,99,3,270940553954200
1398,1908,1158,99,7,270940553973200
1399,1159,1161,101,5,270940554007800
1400,1160,1161,100,4,270940554027300
1401,1160,1162,100,2,270940554050900
1402,1908,1162,99,2,270940554069300
1403,1889,1162,98,2,270940554086100
1404,1165,1113,103,3,270940554123500
1405,1163,1315,102,4,270940554166400
1406,1314,1909,101,6,270940554211800
1407,1314,1911,101,2,270940554256900
1408,1316,1911,100,4,270940554277500
1409,1316,1912,100,3,270940554301400
1410,1316,1914,100,2,270940554330500
1411,1889,1914,98,2,270940554349700
1412,1903,1914,98,6,270940554366400
1413,1916,1871,103,5,270940554414700
1414,1915,1918,99,1,270940554449100
1415,2933,1918,97,1,270940554468600
1416,2942,1918,97,6,270940554485200
1417,1317,1920,102,2,270940554521600
1418,1653,1654,101,1,270940554603600
1419,1653,1655,101,3,270940554637100
1420,1656,1655,101,5,270940554665200
1421,2942,1657,97,1,270940554691100
1422,1827,1657,96,1,270940554710000
1423,1660,1659,98,7,270940554743900
1424,1661,1659,98,3,270940554769100
1425,1661,1920,102,6,270940554787700
1426,1661,1658,102,1,270940554804300
1427,1921,1663,100,4,270940554842000
1428,1922,1658,102,5,270940554885600
1429,1922,1871,103,2,270940554905400
1430,1925,1923,97,4,270940554940300
1431,1925,1924,99,5,270940554960000
1432,1827,1926,96,1,270940554983700
1433,2044,1926,96,2,270940555001600
1434,2795,1926,96,7,270940555017900
1435,1927,1924,99,3,270940555041000
1436,1927,1928,102,2,270940555067100
1437,2795,1929,96,2,270940555093700
1438,1930,1928,99,5,270940555118800
1439,1935,1118,103,5,270940555165100
1440,1935,1234,103,1,270940555184600
1441,1937,1234,103,6,270940555213200
1442,1938,2120,103,3,270940555237700
1443,1938,1257,103,1,270940555255800
1444,1938,1259,103,2,270940555272300
1445,1938,2135,103,3,270940555288600
1446,1934,1940,100,4,270940555317800
1447,1320,2135,103,1,270940555347800
1448,1320,1281,103,4,270940555379900
1449,1934,1321,100,3,270940555410700
1450,1942,1322,101,2,270940555449000
1451,2644,1322,101,4,270940555486000
1452,2645,1322,101,1,270940555519800
1453,2645,1428,103,5,270940555539800
1454,1934,2646,100,1,270940555563600
1455,1939,2646,100,6,270940555581600
1456,1939,2647,100,2,270940555604700
1457,2648,2650,102,2,270940555640300
1458,1930,2650,99,4,270940555660400
1459,1930,2651,99,1,270940555684900
1460,1941,2651,99,6,270940555703200
1461,1941,1324,99,2,270940555725900
1462,1933,1324,98,1,270940555751300
1463,1328,1428,103,1,270940555794900
1464,1327,1329,101,6,270940555821700
1465,1326,1329,99,2,270940555840800
1466,1331,2299,103,7,270940555870300
1467,2945,2299,103,1,270940555926100
1468,2945,2303,103,4,270940555949600
1469,2945,1121,103,4,270940555966100
1470,2946,1121,103,2,270940555992200
1471,2946,1133,103,3,270940556010600
1472,2946,1647,103,2,270940556027100
1473,2947,1647,103,1,270940556050800
1474,2947,1437,103,2,270940556068800
1475,1330,2948,101,3,270940556092000
1476,2950,2948,101,6,270940556124300
1477,2950,2949,101,4,270940556143700
1478,2951,2949,101,3,270940556167000
1479,2952,2949,101,1,270940556190700
1480,2953,2949,101,1,270940556214400
1481,2953,1437,103,1,270940556233100
1482,2954,1437,103,2,270940556255900
1483,2956,2955,100,5,270940556285200
1484,2956,1437,103,3,270940556304800
1485,1326,2958,99,2,270940556333300
1486,1933,2958,98,3,270940556352700
1487,1323,2958,98,1,270940556369500
1488,2957,2958,98,4,270940556385800
1489,2959,1437,103,1,270940556409900
1490,2959,2931,103,3,270940556434900
1491,2960,2931,103,6,270940556458800
1492,2960,2938,103,1,270940556476700
1493,2960,1157,103,1,270940556493300
1494,2961,1157,103,4,270940556516500
1495,2957,2962,98,3,270940556540800
1496,1325,2962,97,2,270940556559500
1497,2963,2962,97,2,270940556585400
1498,2963,2655,101,5,270940556646500
1499,2964,2655,99,4,270940556675600
1500,2966,2655,99,1,270940556693000
1501,2966,2967,99,4,270940556728700
1502,2656,2967,98,6,270940556756200
1503,2149,2965,102,4,270940556783300
1504,2149,1931,103,5,270940556825100
1505,2151,1931,103,5,270940556881700
1506,2151,1780,104,2,270940556902900
1507,2152,2657,102,2,270940556940500
1508,2658,1780,104,1,270940556973500
1509,2152,2659,102,2,270940556998200
1510,2153,2659,102,6,270940557016400
1511,2153,1944,102,1,270940557042900
1512,2656,1944,98,2,270940557076400
1513,1943,1944,98,3,270940557097900
1514,1945,1780,104,1,270940557123800
1515,1945,1791,104,2,270940557142100
1516,2969,1948,101,2,270940557226700
1517,2972,2970,100,4,270940557289400
1518,2972,1948,101,6,270940557315600
1519,1943,2974,98,2,270940557352400
1520,1943,2975,98,1,270940557383200
1521,2652,2975,97,1,270940557406800
1522,2976,2973,100,4,270940557435800
1523,2979,2977,98,3,270940557483200
1524,2980,2977,98,4,270940557515000
1525,2980,2973,100,2,270940557538700
1526,2981,2973,100,1,270940557567300
1527,2981,1948,101,1,270940557590400
1528,2981,2968,101,4,270940557611400
1529,2982,1950,99,3,270940557659000
1530,2652,1950,97,5,270940557685200
1531,1949,1950,97,1,270940557702000
1532,1955,1953,99,2,270940557749500
1533,1949,1956,97,8,270940557775600
1534,1958,1957,98,5,270940557821900
1535,1959,1957,98,3,270940557849000
1536,1959,1961,98,1,270940557881400
1537,2978,1961,97,5,270940557901100
1538,2978,2156,97,2,270940557936300
1539,1951,2156,97,5,270940557969000
1540,2795,2156,96,1,270940557987200
1541,1420,2156,96,1,270940558003900
1542,2274,2157,96,4,270940558031800
1543,1106,2158,96,4,270940558057600
1544,2159,1962,98,3,270940558082200
1545,2160,1962,98,5,270940558106500
1546,2160,1953,99,3,270940558125400
1547,2160,1960,100,2,270940558142400
1548,2161,1960,100,3,270940558165800
1549,2161,1946,103,2,270940558184600
1550,2161,1947,103,1,270940558201100
1551,2161,2971,103,2,270940558217300
1552,2989,2971,103,7,270940558263900
1553,2986,2991,101,4,270940558304200
1554,1964,1965,102,3,270940558346100
1555,1964,1966,102,4,270940558382700
1556,1964,1967,102,3,270940558406400
1557,2990,1967,100,5,270940558428300
1558,1970,2988,103,1,270940558459500
1559,1971,2988,103,3,270940558481400
1560,2985,1974,99,2,270940558508800
1561,2987,1976,98,8,270940558534600
1562,1106,1976,96,1,270940558553100
1563,1981,1974,99,2,270940558586700
1564,1982,1974,99,1,270940558608200
1565,1982,1983,100,1,270940558633100
1566,1978,1984,98,5,270940558659300
1567,1978,1990,98,2,270940558695800
1568,1988,1990,98,4,270940558714700
1569,1993,1983,100,2,270940558742300
1570,1988,1995,98,1,270940558766200
1571,1988,1441,98,1,270940558836700
1572,1985,1441,97,1,270940558865900
1573,1446,1444,99,2,270940558899600
1574,1446,1445,100,5,270940558918000
1575,1985,1450,97,5,270940558945300
1576,1991,1450,97,2,270940558962700
1577,1452,1445,100,3,270940558985000
1578,1452,1447,100,4,270940559002300
1579,1452,1449,100,3,270940559018600
1580,1459,1449,100,2,270940559053000
1581,1460,1449,100,5,270940559073100
1582,1465,1457,100,1,270940559102900
1583,1467,1457,100,3,270940559125700
1584,1467,1977,102,1,270940559143600
1585,1454,1468,99,3,270940559163300
1586,1461,1468,99,1,270940559180300
1587,1462,1468,98,2,270940559197000
1588,1469,1977,102,2,270940559217500
1589,1469,1456,102,6,270940559234300
1590,1472,1456,102,4,270940559258700
1591,1472,2988,103,2,270940559276600
1592,1473,1975,103,5,270940559296500
1593,1473,1987,103,3,270940559313300
1594,1477,1987,103,6,270940559340500
1595,1477,1992,103,2,270940559357800
1596,1475,1479,101,5,270940559380600
1597,1475,1480,101,4,270940559400700
1598,1478,1480,99,6,270940559418000
1599,1488,1992,103,5,270940559453900
1600,1485,1489,100,2,270940559474500
1601,1490,1492,101,2,270940559542800
1602,1485,1493,100,7,270940559564400
1603,1491,1493,100,3,270940559581500
1604,1491,1494,100,3,270940559601100
1605,1491,1495,100,2,270940559620500
1606,1497,1495,100,1,270940559644200
